insert into File (numero, prix_journalier) values (1,40);
insert into File (numero, prix_journalier) values (2,35);
insert into File (numero, prix_journalier) values (3,30);
insert into File (numero, prix_journalier) values (4,25);
insert into File (numero, prix_journalier) values (5,20);
insert into File (numero, prix_journalier) values (6,15);
insert into File (numero, prix_journalier) values (7,10);
insert into File (numero, prix_journalier) values (8,5);

insert into Parasol (num_emplacement, file_id)  values (1,1);
insert into Parasol (num_emplacement, file_id)  values (2,1);
insert into Parasol (num_emplacement, file_id)  values (3,1);
insert into Parasol (num_emplacement, file_id)  values (4,1);
insert into Parasol (num_emplacement, file_id)  values (5,1);
insert into Parasol (num_emplacement, file_id)  values (6,1);
insert into Parasol (num_emplacement, file_id)  values (7,1);
insert into Parasol (num_emplacement, file_id)  values (8,1);
insert into Parasol (num_emplacement, file_id)  values (9,1);
insert into Parasol (num_emplacement, file_id)  values (10,1);
insert into Parasol (num_emplacement, file_id)  values (1,2);
insert into Parasol (num_emplacement, file_id)  values (2,2);
insert into Parasol (num_emplacement, file_id)  values (3,2);
insert into Parasol (num_emplacement, file_id)  values (4,2);
insert into Parasol (num_emplacement, file_id)  values (5,2);
insert into Parasol (num_emplacement, file_id)  values (6,2);
insert into Parasol (num_emplacement, file_id)  values (7,2);
insert into Parasol (num_emplacement, file_id)  values (8,2);
insert into Parasol (num_emplacement, file_id)  values (9,2);
insert into Parasol (num_emplacement, file_id)  values (10,2);
insert into Parasol (num_emplacement, file_id)  values (1,3);
insert into Parasol (num_emplacement, file_id)  values (2,3);
insert into Parasol (num_emplacement, file_id)  values (3,3);
insert into Parasol (num_emplacement, file_id)  values (4,3);
insert into Parasol (num_emplacement, file_id)  values (5,3);
insert into Parasol (num_emplacement, file_id)  values (6,3);
insert into Parasol (num_emplacement, file_id)  values (7,3);
insert into Parasol (num_emplacement, file_id)  values (8,3);
insert into Parasol (num_emplacement, file_id)  values (9,3);
insert into Parasol (num_emplacement, file_id)  values (10,3);
insert into Parasol (num_emplacement, file_id)  values (1,4);
insert into Parasol (num_emplacement, file_id)  values (2,4);
insert into Parasol (num_emplacement, file_id)  values (3,4);
insert into Parasol (num_emplacement, file_id)  values (4,4);
insert into Parasol (num_emplacement, file_id)  values (5,4);
insert into Parasol (num_emplacement, file_id)  values (6,4);
insert into Parasol (num_emplacement, file_id)  values (7,4);
insert into Parasol (num_emplacement, file_id)  values (8,4);
insert into Parasol (num_emplacement, file_id)  values (9,4);
insert into Parasol (num_emplacement, file_id)  values (10,4);
insert into Parasol (num_emplacement, file_id)  values (1,5);
insert into Parasol (num_emplacement, file_id)  values (2,5);
insert into Parasol (num_emplacement, file_id)  values (3,5);
insert into Parasol (num_emplacement, file_id)  values (4,5);
insert into Parasol (num_emplacement, file_id)  values (5,5);
insert into Parasol (num_emplacement, file_id)  values (6,5);
insert into Parasol (num_emplacement, file_id)  values (7,5);
insert into Parasol (num_emplacement, file_id)  values (8,5);
insert into Parasol (num_emplacement, file_id)  values (9,5);
insert into Parasol (num_emplacement, file_id)  values (10,5);
insert into Parasol (num_emplacement, file_id)  values (1,6);
insert into Parasol (num_emplacement, file_id)  values (2,6);
insert into Parasol (num_emplacement, file_id)  values (3,6);
insert into Parasol (num_emplacement, file_id)  values (4,6);
insert into Parasol (num_emplacement, file_id)  values (5,6);
insert into Parasol (num_emplacement, file_id)  values (6,6);
insert into Parasol (num_emplacement, file_id)  values (7,6);
insert into Parasol (num_emplacement, file_id)  values (8,6);
insert into Parasol (num_emplacement, file_id)  values (9,6);
insert into Parasol (num_emplacement, file_id)  values (10,6);
insert into Parasol (num_emplacement, file_id)  values (1,7);
insert into Parasol (num_emplacement, file_id)  values (2,7);
insert into Parasol (num_emplacement, file_id)  values (3,7);
insert into Parasol (num_emplacement, file_id)  values (4,7);
insert into Parasol (num_emplacement, file_id)  values (5,7);
insert into Parasol (num_emplacement, file_id)  values (6,7);
insert into Parasol (num_emplacement, file_id)  values (7,7);
insert into Parasol (num_emplacement, file_id)  values (8,7);
insert into Parasol (num_emplacement, file_id)  values (9,7);
insert into Parasol (num_emplacement, file_id)  values (10,7);
insert into Parasol (num_emplacement, file_id)  values (1,8);
insert into Parasol (num_emplacement, file_id)  values (2,8);
insert into Parasol (num_emplacement, file_id)  values (3,8);
insert into Parasol (num_emplacement, file_id)  values (4,8);
insert into Parasol (num_emplacement, file_id)  values (5,8);
insert into Parasol (num_emplacement, file_id)  values (6,8);
insert into Parasol (num_emplacement, file_id)  values (7,8);
insert into Parasol (num_emplacement, file_id)  values (8,8);
insert into Parasol (num_emplacement, file_id)  values (9,8);
insert into Parasol (num_emplacement, file_id)  values (10,8);

insert into statut (nom) values ('ATraiter');
insert into statut (nom) values ('Valider');
insert into statut (nom) values ('Annuler');

insert into utilisateur (id,email,mot_de_passe,nom,prenom)
values (2,'toto@titi.fr','1234','TOTO','TITI');
insert into utilisateur (id,email,mot_de_passe,nom,prenom)
values (1,'cons@titi.fr','1234','CONSTRUCTOR','Maximo');
insert into concessionnaire (id) values (2);
insert into locataire (id) values (1);